task,model,precision_macro,recall_macro,f1_macro
depressed,logreg,0.2995937821769024,0.2960927352202799,0.29544834303810746
depressed,rf,0.28669193800549736,0.278148450819826,0.28058589582252597
risk,logreg,0.6608592447633543,0.6553694564037944,0.6562409833227538
risk,rf,0.6174042950513539,0.6100318527074802,0.6094115219137091
