digital_addiction_score,shap
4,-2.2125816
5,-2.1158106
6,-1.9599717
7,-0.27699846
8,-0.1989239
9,-0.63051665
10,-0.6633359
11,-0.77466697
12,-0.49358913
13,0.036576457
14,-0.30168405
15,0.50893277
16,0.83592284
17,0.81537956
18,1.1543269
19,1.135356
20,1.6456554
