,precision,recall,f1-score,support
higher,0.6405228758169934,0.7340823970037453,0.6841186736474695,267.0
lower,0.5942857142857143,0.48598130841121495,0.5347043701799485,214.0
accuracy,0.6237006237006237,0.6237006237006237,0.6237006237006237,0.6237006237006237
macro avg,0.6174042950513539,0.6100318527074802,0.6094115219137091,481.0
weighted avg,0.6199516646575469,0.6237006237006237,0.6176432870735621,481.0
