rule,count,per_1000,precision,recall,f1,total
A_strong,319,663.2016632016632,0.5736677115987461,0.8280542986425339,0.6777777777777778,481
B_strong,140,291.0602910602911,0.6285714285714286,0.39819004524886875,0.48753462603878117,481
C_early,57,118.50311850311851,0.5964912280701754,0.15384615384615385,0.2446043165467626,481
