{
  "accuracy": 0.6403326403326404,
  "precision": 0.6176470588235294,
  "recall": 0.5701357466063348,
  "f1": 0.5929411764705882,
  "report": {
    "0": {
      "precision": 0.6570397111913358,
      "recall": 0.7,
      "f1-score": 0.6778398510242085,
      "support": 260.0
    },
    "1": {
      "precision": 0.6176470588235294,
      "recall": 0.5701357466063348,
      "f1-score": 0.5929411764705882,
      "support": 221.0
    },
    "accuracy": 0.6403326403326404,
    "macro avg": {
      "precision": 0.6373433850074326,
      "recall": 0.6350678733031674,
      "f1-score": 0.6353905137473983,
      "support": 481.0
    },
    "weighted avg": {
      "precision": 0.6389403844277491,
      "recall": 0.6403326403326404,
      "f1-score": 0.6388323519049776,
      "support": 481.0
    }
  }
}