{
  "fold_1": {
    "0": {
      "precision": 0.6666666666666666,
      "recall": 0.5384615384615384,
      "f1-score": 0.5957446808510638,
      "support": 52.0
    },
    "1": {
      "precision": 0.5636363636363636,
      "recall": 0.6888888888888889,
      "f1-score": 0.62,
      "support": 45.0
    },
    "accuracy": 0.6082474226804123,
    "macro avg": {
      "precision": 0.6151515151515151,
      "recall": 0.6136752136752137,
      "f1-score": 0.607872340425532,
      "support": 97.0
    },
    "weighted avg": {
      "precision": 0.6188691034051859,
      "recall": 0.6082474226804123,
      "f1-score": 0.6069971484974775,
      "support": 97.0
    }
  },
  "fold_2": {
    "0": {
      "precision": 0.7142857142857143,
      "recall": 0.7692307692307693,
      "f1-score": 0.7407407407407407,
      "support": 52.0
    },
    "1": {
      "precision": 0.7,
      "recall": 0.6363636363636364,
      "f1-score": 0.6666666666666666,
      "support": 44.0
    },
    "accuracy": 0.7083333333333334,
    "macro avg": {
      "precision": 0.7071428571428571,
      "recall": 0.7027972027972028,
      "f1-score": 0.7037037037037037,
      "support": 96.0
    },
    "weighted avg": {
      "precision": 0.7077380952380953,
      "recall": 0.7083333333333334,
      "f1-score": 0.70679012345679,
      "support": 96.0
    }
  },
  "fold_3": {
    "0": {
      "precision": 0.6078431372549019,
      "recall": 0.5961538461538461,
      "f1-score": 0.6019417475728155,
      "support": 52.0
    },
    "1": {
      "precision": 0.5333333333333333,
      "recall": 0.5454545454545454,
      "f1-score": 0.5393258426966292,
      "support": 44.0
    },
    "accuracy": 0.5729166666666666,
    "macro avg": {
      "precision": 0.5705882352941176,
      "recall": 0.5708041958041958,
      "f1-score": 0.5706337951347223,
      "support": 96.0
    },
    "weighted avg": {
      "precision": 0.5736928104575163,
      "recall": 0.5729166666666666,
      "f1-score": 0.5732427911712301,
      "support": 96.0
    }
  },
  "fold_4": {
    "0": {
      "precision": 0.6521739130434783,
      "recall": 0.5769230769230769,
      "f1-score": 0.6122448979591837,
      "support": 52.0
    },
    "1": {
      "precision": 0.56,
      "recall": 0.6363636363636364,
      "f1-score": 0.5957446808510638,
      "support": 44.0
    },
    "accuracy": 0.6041666666666666,
    "macro avg": {
      "precision": 0.6060869565217392,
      "recall": 0.6066433566433567,
      "f1-score": 0.6039947894051237,
      "support": 96.0
    },
    "weighted avg": {
      "precision": 0.609927536231884,
      "recall": 0.6041666666666666,
      "f1-score": 0.6046822984512954,
      "support": 96.0
    }
  },
  "fold_5": {
    "0": {
      "precision": 0.7446808510638298,
      "recall": 0.6730769230769231,
      "f1-score": 0.7070707070707071,
      "support": 52.0
    },
    "1": {
      "precision": 0.6530612244897959,
      "recall": 0.7272727272727273,
      "f1-score": 0.6881720430107527,
      "support": 44.0
    },
    "accuracy": 0.6979166666666666,
    "macro avg": {
      "precision": 0.6988710377768128,
      "recall": 0.7001748251748252,
      "f1-score": 0.6976213750407299,
      "support": 96.0
    },
    "weighted avg": {
      "precision": 0.7026885222173975,
      "recall": 0.6979166666666666,
      "f1-score": 0.6984088193765613,
      "support": 96.0
    }
  }
}