,precision,recall,f1-score,support
1,0.32142857142857145,0.3,0.3103448275862069,60.0
2,0.2545454545454545,0.1686746987951807,0.2028985507246377,83.0
3,0.29411764705882354,0.29914529914529914,0.2966101694915254,117.0
4,0.3235294117647059,0.3793103448275862,0.3492063492063492,116.0
5,0.30434782608695654,0.3333333333333333,0.3181818181818182,105.0
accuracy,0.30353430353430355,0.30353430353430355,0.30353430353430355,0.30353430353430355
macro avg,0.2995937821769024,0.2960927352202799,0.29544834303810746,481.0
weighted avg,0.30002221460021977,0.30353430353430355,0.29954612601424785,481.0
