,precision,recall,f1-score,support
1,0.2708333333333333,0.21666666666666667,0.24074074074074073,60.0
2,0.27692307692307694,0.21686746987951808,0.24324324324324326,83.0
3,0.2642857142857143,0.3162393162393162,0.28793774319066145,117.0
4,0.3305084745762712,0.33620689655172414,0.3333333333333333,116.0
5,0.2909090909090909,0.3047619047619048,0.29767441860465116,105.0
accuracy,0.288981288981289,0.288981288981289,0.288981288981289,0.288981288981289
macro avg,0.28669193800549736,0.278148450819826,0.28058589582252597,481.0
weighted avg,0.28906545021277746,0.288981288981289,0.2874112894118421,481.0
