,precision,recall,f1-score,support
higher,0.6815068493150684,0.7453183520599251,0.7119856887298748,267.0
lower,0.6402116402116402,0.5654205607476636,0.6004962779156328,214.0
accuracy,0.6652806652806653,0.6652806652806653,0.6652806652806653,0.6652806652806653
macro avg,0.6608592447633543,0.6553694564037944,0.6562409833227538,481.0
weighted avg,0.663134344641194,0.6652806652806653,0.6623833313197963,481.0
