rule,count,per_1000,precision,recall,f1,total
strong_alert,325,675.6756756756756,0.5784615384615385,0.8506787330316742,0.6886446886446886,481
early_warning,133,276.5072765072765,0.46616541353383456,0.28054298642533937,0.3502824858757062,481
low_priority,106,220.37422037422039,0.20754716981132076,0.09954751131221719,0.1345565749235474,481
