,threshold,precision,recall
0.8,0.3826602101325989,0.5846153846153846,0.8444444444444444
0.9,0.26493003964424133,0.5540540540540541,0.9111111111111111
