,precision,recall,f1-score,support
0,0.7368421052631579,0.5384615384615384,0.6222222222222222,52.0
1,0.5932203389830508,0.7777777777777778,0.6730769230769231,45.0
accuracy,0.6494845360824743,0.6494845360824743,0.6494845360824743,0.6494845360824743
macro avg,0.6650312221231043,0.6581196581196581,0.6476495726495727,97.0
weighted avg,0.6702134508033144,0.6494845360824743,0.6458146092166711,97.0
