{
  "balanced_accuracy": 0.6389140271493212,
  "report": {
    "0": {
      "precision": 0.6776859504132231,
      "recall": 0.6307692307692307,
      "f1-score": 0.6533864541832669,
      "support": 260.0
    },
    "1": {
      "precision": 0.5983263598326359,
      "recall": 0.6470588235294118,
      "f1-score": 0.6217391304347826,
      "support": 221.0
    },
    "accuracy": 0.6382536382536382,
    "macro avg": {
      "precision": 0.6380061551229295,
      "recall": 0.6389140271493212,
      "f1-score": 0.6375627923090248,
      "support": 481.0
    },
    "weighted avg": {
      "precision": 0.6412234358221425,
      "recall": 0.6382536382536382,
      "f1-score": 0.6388457919204499,
      "support": 481.0
    }
  },
  "confusion_matrix": [
    [
      164,
      96
    ],
    [
      78,
      143
    ]
  ]
}