{
  "accuracy": 0.6382536382536382,
  "precision": 0.5983263598326359,
  "recall": 0.6470588235294118,
  "f1": 0.6217391304347826,
  "roc_auc": 0.6856421858684303
}