rule,alerts,precision,recall
A_rule,319,0.5924764890282131,0.8552036199095022
B_rule,149,0.6442953020134228,0.4343891402714932
C_rule,57,0.5964912280701754,0.15384615384615385
