cap,alerts,true_positives,precision,recall
50,50,33,0.66,0.1493212669683258
100,100,62,0.62,0.28054298642533937
150,150,95,0.6333333333333333,0.4298642533936652
200,200,126,0.63,0.5701357466063348
250,250,153,0.612,0.6923076923076923
300,300,175,0.5833333333333334,0.7918552036199095
350,350,196,0.56,0.8868778280542986
400,400,212,0.53,0.9592760180995475
450,450,219,0.4866666666666667,0.9909502262443439
