{
  "accuracy": 0.6465696465696466,
  "balanced_accuracy": 0.6506787330316741,
  "precision": 0.5984555984555985,
  "recall": 0.7013574660633484,
  "f1": 0.6458333333333334,
  "roc_auc": 0.7045596936999652
}