n_estimators,max_depth,learning_rate,score
100,3,0.05,0.6424397824397824
100,3,0.1,0.6247086247086248
100,5,0.05,0.6391686091686092
100,5,0.1,0.6060800310800312
200,3,0.05,0.6244094794094794
200,3,0.1,0.6044794094794095
200,5,0.05,0.6037567987567988
200,5,0.1,0.5992618492618492
