digital_addiction_score,shap
4,-3.115817
6,-3.152601
7,-1.0494741
8,-0.25513572
9,-0.12965512
10,-0.34863597
11,-0.3689524
12,-0.10346293
13,-0.09528019
14,-0.24896523
15,-0.07285614
16,0.7121965
17,0.8592728
18,0.9397138
19,1.19845
20,2.0401707
