digital_addiction_score,shap
4,-1.6029099
5,-2.0968943
6,-2.0999057
7,-1.2545795
8,-0.23474273
9,-0.37437245
10,-0.44501427
11,-0.3438703
12,-0.35516512
13,-0.24836984
14,-0.3133479
15,0.42721632
16,0.5856198
17,0.3770616
18,1.0071802
19,0.65124816
20,1.6648499
