{
  "recall_thresholds": {
    "0.8": 0.4503823816776275,
    "0.9": 0.375870406627655
  }
}