digital_addiction_score,shap
4,-2.5599585
5,-2.2764072
6,-2.1437342
7,-1.3279877
8,-0.22261928
9,-0.6311159
10,-0.45764244
11,-0.18295051
12,-0.55414623
13,0.14600462
14,0.09455918
15,0.65275896
16,0.38644546
17,0.31659523
18,0.97965825
19,-0.73044837
20,1.9883808
