digital_addiction_score,shap
4,-2.2109568
5,-2.3089378
6,-2.0717535
7,-1.1271373
8,-0.38280457
9,-0.18368918
10,-0.18025032
11,-0.55145776
12,-0.5597169
13,-0.1848588
14,-0.0595943
15,0.52133733
16,0.5414943
17,0.3399628
18,1.0281866
19,0.47068462
20,1.4302015
