digital_addiction_score,shap
4,-2.6231303
6,-2.0495505
7,-2.505196
8,-0.33061713
9,-0.7854132
10,-0.31468904
11,-0.18746406
12,-0.29640305
13,0.15163328
14,0.054729607
15,0.41485742
16,0.53335875
17,-0.08807939
18,0.75020087
20,1.3432331
