{
  "mental_health_status": {
    "model_name": "LogReg",
    "metrics": {
      "model": "LogReg",
      "best_params": {
        "model__C": 0.2,
        "model__penalty": "l2"
      },
      "accuracy": 0.258,
      "balanced_accuracy": 0.25815018145974344,
      "f1_macro": 0.2568430784311172,
      "report": {
        "Excellent": {
          "precision": 0.26433915211970077,
          "recall": 0.21031746031746032,
          "f1-score": 0.23425414364640884,
          "support": 504.0
        },
        "Fair": {
          "precision": 0.2609427609427609,
          "recall": 0.3112449799196787,
          "f1-score": 0.2838827838827839,
          "support": 498.0
        },
        "Good": {
          "precision": 0.25553319919517103,
          "recall": 0.25349301397205587,
          "f1-score": 0.2545090180360721,
          "support": 501.0
        },
        "Poor": {
          "precision": 0.25196850393700787,
          "recall": 0.2575452716297787,
          "f1-score": 0.25472636815920396,
          "support": 497.0
        },
        "accuracy": 0.258,
        "macro avg": {
          "precision": 0.25819590404866016,
          "recall": 0.25815018145974344,
          "f1-score": 0.2568430784311172,
          "support": 2000.0
        },
        "weighted avg": {
          "precision": 0.2582134534356489,
          "recall": 0.258,
          "f1-score": 0.25677286889130646,
          "support": 2000.0
        }
      },
      "baseline_majority_accuracy": 0.252
    },
    "all_results": [
      {
        "model": "LogReg",
        "best_params": {
          "model__C": 0.2,
          "model__penalty": "l2"
        },
        "accuracy": 0.258,
        "balanced_accuracy": 0.25815018145974344,
        "f1_macro": 0.2568430784311172,
        "report": {
          "Excellent": {
            "precision": 0.26433915211970077,
            "recall": 0.21031746031746032,
            "f1-score": 0.23425414364640884,
            "support": 504.0
          },
          "Fair": {
            "precision": 0.2609427609427609,
            "recall": 0.3112449799196787,
            "f1-score": 0.2838827838827839,
            "support": 498.0
          },
          "Good": {
            "precision": 0.25553319919517103,
            "recall": 0.25349301397205587,
            "f1-score": 0.2545090180360721,
            "support": 501.0
          },
          "Poor": {
            "precision": 0.25196850393700787,
            "recall": 0.2575452716297787,
            "f1-score": 0.25472636815920396,
            "support": 497.0
          },
          "accuracy": 0.258,
          "macro avg": {
            "precision": 0.25819590404866016,
            "recall": 0.25815018145974344,
            "f1-score": 0.2568430784311172,
            "support": 2000.0
          },
          "weighted avg": {
            "precision": 0.2582134534356489,
            "recall": 0.258,
            "f1-score": 0.25677286889130646,
            "support": 2000.0
          }
        },
        "baseline_majority_accuracy": 0.252
      },
      {
        "model": "RandomForest",
        "best_params": {
          "model__max_depth": 8,
          "model__n_estimators": 150
        },
        "accuracy": 0.2485,
        "balanced_accuracy": 0.24832634251508623,
        "f1_macro": 0.2468045324151262,
        "report": {
          "Excellent": {
            "precision": 0.2543171114599686,
            "recall": 0.32142857142857145,
            "f1-score": 0.2839614373356705,
            "support": 504.0
          },
          "Fair": {
            "precision": 0.24416135881104034,
            "recall": 0.23092369477911648,
            "f1-score": 0.23735810113519093,
            "support": 498.0
          },
          "Good": {
            "precision": 0.2324561403508772,
            "recall": 0.21157684630738524,
            "f1-score": 0.22152560083594566,
            "support": 501.0
          },
          "Poor": {
            "precision": 0.26146788990825687,
            "recall": 0.22937625754527163,
            "f1-score": 0.24437299035369775,
            "support": 497.0
          },
          "accuracy": 0.2485,
          "macro avg": {
            "precision": 0.24810062513253575,
            "recall": 0.24832634251508623,
            "f1-score": 0.2468045324151262,
            "support": 2000.0
          },
          "weighted avg": {
            "precision": 0.2480891242319577,
            "recall": 0.2485,
            "f1-score": 0.24687930050354978,
            "support": 2000.0
          }
        }
      },
      {
        "model": "GradientBoosting",
        "best_params": {
          "model__learning_rate": 0.05,
          "model__n_estimators": 150
        },
        "accuracy": 0.2535,
        "balanced_accuracy": 0.2534150480603684,
        "f1_macro": 0.2520237168296973,
        "report": {
          "Excellent": {
            "precision": 0.25426621160409557,
            "recall": 0.29563492063492064,
            "f1-score": 0.27339449541284405,
            "support": 504.0
          },
          "Fair": {
            "precision": 0.25673249551166966,
            "recall": 0.28714859437751006,
            "f1-score": 0.27109004739336495,
            "support": 498.0
          },
          "Good": {
            "precision": 0.25295508274231676,
            "recall": 0.21357285429141717,
            "f1-score": 0.23160173160173161,
            "support": 501.0
          },
          "Poor": {
            "precision": 0.2488479262672811,
            "recall": 0.21730382293762576,
            "f1-score": 0.23200859291084855,
            "support": 497.0
          },
          "accuracy": 0.2535,
          "macro avg": {
            "precision": 0.25320042903134077,
            "recall": 0.2534150480603684,
            "f1-score": 0.2520237168296973,
            "support": 2000.0
          },
          "weighted avg": {
            "precision": 0.25320543461100753,
            "recall": 0.2535,
            "f1-score": 0.2520672037495642,
            "support": 2000.0
          }
        }
      }
    ],
    "features": [
      "Age",
      "Technology_Usage_Hours",
      "Social_Media_Usage_Hours",
      "Gaming_Hours",
      "Screen_Time_Hours",
      "Sleep_Hours",
      "Physical_Activity_Hours",
      "social_ratio",
      "gaming_ratio",
      "screen_per_sleep",
      "low_activity_flag",
      "Gender",
      "Support_Systems_Access",
      "Work_Environment_Impact",
      "Online_Support_Usage"
    ]
  },
  "stress_level": {
    "model_name": "LogReg",
    "metrics": {
      "model": "LogReg",
      "best_params": {
        "model__C": 1.0,
        "model__penalty": "l2"
      },
      "accuracy": 0.3355,
      "balanced_accuracy": 0.33550166933400466,
      "f1_macro": 0.3345032865962632,
      "report": {
        "High": {
          "precision": 0.3310580204778157,
          "recall": 0.2912912912912913,
          "f1-score": 0.30990415335463256,
          "support": 666.0
        },
        "Low": {
          "precision": 0.34048257372654156,
          "recall": 0.3813813813813814,
          "f1-score": 0.3597733711048159,
          "support": 666.0
        },
        "Medium": {
          "precision": 0.3338323353293413,
          "recall": 0.3338323353293413,
          "f1-score": 0.3338323353293413,
          "support": 668.0
        },
        "accuracy": 0.3355,
        "macro avg": {
          "precision": 0.3351243098445662,
          "recall": 0.33550166933400466,
          "f1-score": 0.3345032865962632,
          "support": 2000.0
        },
        "weighted avg": {
          "precision": 0.33512301787005094,
          "recall": 0.3355,
          "f1-score": 0.33450261564499634,
          "support": 2000.0
        }
      },
      "baseline_majority_accuracy": 0.334
    },
    "all_results": [
      {
        "model": "LogReg",
        "best_params": {
          "model__C": 1.0,
          "model__penalty": "l2"
        },