cap,alerts,true_positives,precision,recall,f1,per_1000
50,50,33,0.66,0.1493212669683258,0.24354243542435425,103.95010395010395
100,100,68,0.68,0.3076923076923077,0.4236760124610592,207.9002079002079
200,200,125,0.625,0.5656108597285068,0.5938242280285035,415.8004158004158
300,300,168,0.56,0.7601809954751131,0.6449136276391555,623.7006237006237
481,481,221,0.4594594594594595,1.0,0.6296296296296297,1000.0
