{
  "daily_screen_time_hours": {
    "mean": 6.025600000000001,
    "std": 1.9741234058717823,
    "min": 0.0,
    "max": 13.3,
    "percentiles": {
      "10": 3.5,
      "25": 4.7,
      "50": 6.0,
      "75": 7.325,
      "90": 8.6
    }
  },
  "work_related_hours": {
    "mean": 2.01025,
    "std": 1.1161105630243122,
    "min": 0.0,
    "max": 5.9,
    "percentiles": {
      "10": 0.5,
      "25": 1.2,
      "50": 2.0,
      "75": 2.8,
      "90": 3.4
    }
  },
  "entertainment_hours": {
    "mean": 2.4673499999999997,
    "std": 1.236860497163978,
    "min": 0.0,
    "max": 6.8,
    "percentiles": {
      "10": 0.8900000000000006,
      "25": 1.6,
      "50": 2.4,
      "75": 3.3,
      "90": 4.1
    }
  },
  "social_media_hours": {
    "mean": 2.0391999999999997,
    "std": 1.1334353523024259,
    "min": 0.0,
    "max": 5.8,
    "percentiles": {
      "10": 0.6,
      "25": 1.2,
      "50": 2.0,
      "75": 2.8,
      "90": 3.6
    }
  },
  "sleep_duration_hours": {
    "mean": 6.53755,
    "std": 1.203856151006489,
    "min": 3.0,
    "max": 10.0,
    "percentiles": {
      "10": 5.0,
      "25": 5.7,
      "50": 6.6,
      "75": 7.4,
      "90": 8.1
    }
  },
  "sleep_quality": {
    "mean": 5.567,
    "std": 2.8262173929788537,
    "min": 1.0,
    "max": 10.0,
    "percentiles": {
      "10": 2.0,
      "25": 3.0,
      "50": 6.0,
      "75": 8.0,
      "90": 9.0
    }
  },
  "weekly_anxiety_score": {
    "mean": 9.8875,
    "std": 6.027852955707182,
    "min": 0.0,
    "max": 20.0,
    "percentiles": {
      "10": 2.0,
      "25": 5.0,
      "50": 10.0,
      "75": 15.0,
      "90": 18.0
    }
  },
  "weekly_depression_score": {
    "mean": 10.049,
    "std": 6.053339612166999,
    "min": 0.0,
    "max": 20.0,
    "percentiles": {
      "10": 2.0,
      "25": 5.0,
      "50": 10.0,
      "75": 15.0,
      "90": 18.0
    }
  }
}