{
  "training_date": "2025-12-19T21:34:29.103603",
  "dataset_info": {
    "path": "D:\\Github\\MindScreen\\smmh.csv",
    "rows": 481,
    "features": 18
  },
  "risk_model_comparison": [
    {
      "model_name": "LogisticRegression",
      "best_params": {
        "model__C": 0.1,
        "model__solver": "lbfgs"
      },
      "train_time_seconds": 3.24,
      "cv_score": 0.8212,
      "balanced_accuracy": 0.8336,
      "f1_macro": 0.8336,
      "precision_macro": 0.8336,
      "recall_macro": 0.8336,
      "roc_auc": 0.9275,
      "classification_report": {
        "0": {
          "precision": 0.8181818181818182,
          "recall": 0.8181818181818182,
          "f1-score": 0.8181818181818182,
          "support": 44.0
        },
        "1": {
          "precision": 0.8490566037735849,
          "recall": 0.8490566037735849,
          "f1-score": 0.8490566037735849,
          "support": 53.0
        },
        "accuracy": 0.8350515463917526,
        "macro avg": {
          "precision": 0.8336192109777016,
          "recall": 0.8336192109777016,
          "f1-score": 0.8336192109777016,
          "support": 97.0
        },
        "weighted avg": {
          "precision": 0.8350515463917526,
          "recall": 0.8350515463917526,
          "f1-score": 0.8350515463917526,
          "support": 97.0
        }
      },
      "composite_score": 0.8298800000000001
    },
    {
      "model_name": "RandomForest",
      "best_params": {
        "model__max_depth": null,
        "model__min_samples_leaf": 2,
        "model__n_estimators": 100
      },
      "train_time_seconds": 1.4,
      "cv_score": 0.8041,
      "balanced_accuracy": 0.8525,
      "f1_macro": 0.8538,
      "precision_macro": 0.8558,
      "recall_macro": 0.8525,
      "roc_auc": 0.9185,
      "classification_report": {
        "0": {
          "precision": 0.8571428571428571,
          "recall": 0.8181818181818182,
          "f1-score": 0.8372093023255814,
          "support": 44.0
        },
        "1": {
          "precision": 0.8545454545454545,
          "recall": 0.8867924528301887,
          "f1-score": 0.8703703703703703,
          "support": 53.0
        },
        "accuracy": 0.8556701030927835,
        "macro avg": {
          "precision": 0.8558441558441559,
          "recall": 0.8524871355060035,
          "f1-score": 0.8537898363479759,
          "support": 97.0
        },
        "weighted avg": {
          "precision": 0.8557236577855134,
          "recall": 0.8556701030927835,
          "f1-score": 0.8553282364119094,
          "support": 97.0
        }
      },
      "composite_score": 0.8383700000000001
    },
    {
      "model_name": "GradientBoosting",
      "best_params": {
        "model__learning_rate": 0.05,
        "model__max_depth": 3,
        "model__n_estimators": 150
      },
      "train_time_seconds": 0.74,
      "cv_score": 0.7954,
      "balanced_accuracy": 0.8411,
      "f1_macro": 0.843,
      "precision_macro": 0.8465,
      "recall_macro": 0.8411,
      "roc_auc": 0.9183,
      "classification_report": {
        "0": {
          "precision": 0.8536585365853658,
          "recall": 0.7954545454545454,
          "f1-score": 0.8235294117647058,
          "support": 44.0
        },
        "1": {
          "precision": 0.8392857142857143,
          "recall": 0.8867924528301887,
          "f1-score": 0.8623853211009175,
          "support": 53.0
        },
        "accuracy": 0.845360824742268,
        "macro avg": {
          "precision": 0.8464721254355401,
          "recall": 0.8411234991423671,
          "f1-score": 0.8429573664328116,
          "support": 97.0
        },
        "weighted avg": {
          "precision": 0.8458053450195769,
          "recall": 0.845360824742268,
          "f1-score": 0.8447599601649038,
          "support": 97.0
        }
      },
      "composite_score": 0.82796
    },
    {
      "model_name": "SVM",
      "best_params": {
        "model__C": 0.1,
        "model__kernel": "linear"
      },
      "train_time_seconds": 0.17,
      "cv_score": 0.8015,
      "balanced_accuracy": 0.8336,
      "f1_macro": 0.8336,
      "precision_macro": 0.8336,
      "recall_macro": 0.8336,
      "roc_auc": 0.9198,
      "classification_report": {
        "0": {
          "precision": 0.8181818181818182,
          "recall": 0.8181818181818182,
          "f1-score": 0.8181818181818182,
          "support": 44.0
        },
        "1": {
          "precision": 0.8490566037735849,
          "recall": 0.8490566037735849,
          "f1-score": 0.8490566037735849,
          "support": 53.0
        },
        "accuracy": 0.8350515463917526,
        "macro avg": {
          "precision": 0.8336192109777016,
          "recall": 0.8336192109777016,
          "f1-score": 0.8336192109777016,
          "support": 97.0
        },
        "weighted avg": {
          "precision": 0.8350515463917526,
          "recall": 0.8350515463917526,
          "f1-score": 0.8350515463917526,
          "support": 97.0
        }
      },
      "composite_score": 0.8239700000000001
    },
    {
      "model_name": "XGBoost",
      "best_params": {
        "model__learning_rate": 0.05,
        "model__max_depth": 6,
        "model__n_estimators": 100
      },
      "train_time_seconds": 1.0,
      "cv_score": 0.8064,
      "balanced_accuracy": 0.8223,
      "f1_macro": 0.8229,
      "precision_macro": 0.8236,
      "recall_macro": 0.8223,
      "roc_auc": 0.9044,
      "classification_report": {
        "0": {
          "precision": 0.813953488372093,
          "recall": 0.7954545454545454,
          "f1-score": 0.8045977011494253,
          "support": 44.0
        },
        "1": {
          "precision": 0.8333333333333334,
          "recall": 0.8490566037735849,
          "f1-score": 0.8411214953271028,
          "support": 53.0
        },
        "accuracy": 0.8247422680412371,
        "macro avg": {
          "precision": 0.8236434108527132,
          "recall": 0.8222555746140652,
          "f1-score": 0.822859598238264,
          "support": 97.0
        },
        "weighted avg": {
          "precision": 0.824542475825142,
          "recall": 0.8247422680412371,
          "f1-score": 0.8245540010609399,
          "support": 97.0
        }
      },
      "composite_score": 0.81771
    },
    {
      "model_name": "LightGBM",
      "best_params": {
        "model__learning_rate": 0.05,
        "model__max_depth": 3,
        "model__n_estimators": 100
      },
      "train_time_seconds": 1.92,
      "cv_score": 0.7984,
      "balanced_accuracy": 0.8619,
      "f1_macro": 0.8639,
      "precision_macro": 0.8676,
      "recall_macro": 0.8619,
      "roc_auc": 0.929,
      "classification_report": {
        "0": {
          "precision": 0.8780487804878049,
          "recall": 0.8181818181818182,
          "f1-score": 0.8470588235294118,
          "support": 44.0
        },
        "1": {
          "precision": 0.8571428571428571,
          "recall": 0.9056603773584906,
          "f1-score": 0.8807339449541285,
          "support": 53.0
        },
        "accuracy": 0.865979381443299,
        "macro avg": {
          "precision": 0.867595818815331,
          "recall": 0.8619210977701544,
          "f1-score": 0.8638963842417702,
          "support": 97.0
        },
        "weighted avg": {
          "precision": 0.8666259563921117,
          "recall": 0.865979381443299,
          "f1-score": 0.8654586321429169,
          "support": 97.0
        }
      },
      "composite_score": 0.84345
    }
  ],
  "depressed_model_comparison": [
    {
      "model_name": "LogisticRegression",
      "best_params": {
        "model__C": 0.1,
        "model__solver": "liblinear"
      },
      "train_time_seconds": 0.13,
      "cv_score": 0.3559,
      "balanced_accuracy": 0.3532,
      "f1_macro": 0.3542,
      "precision_macro": 0.3734,
      "recall_macro": 0.3532,
      "classification_report": {
        "0": {
          "precision": 0.5,